序号,链接,节点数
0,https://bPCW6s.absslk.xyz/8b7cb65329ad31b9102b044abbfc2e1c,0
1,https://gist.githubusercontent.com/peasoft/40b87245630092f30cc98af61190b4e2/raw/,10
2,https://pai.yt/clash,113
3,https://raw.githubusercontent.com/Huibq/TrojanLinks/master/links/vmess,0
4,https://raw.githubusercontent.com/Surfboardv2ray/TGParse/main/python/hy2,0
5,https://raw.githubusercontent.com/Surfboardv2ray/TGParse/main/python/hysteria2,4
6,https://raw.githubusercontent.com/ripaojiedian/freenode/main/clash,16
7,https://raw.githubusercontent.com/ripaojiedian/freenode/main/sub,16
8,https://raw.githubusercontent.com/shaoyouvip/free/refs/heads/main/all.yaml,30
9,https://raw.githubusercontent.com/zhangkaiitugithub/passcro/main/speednodes.yaml,51

总计,,220
